,autos,graphics,atheism,medicine,space,religion,motorcycles,,,Max,Min
file_0,0.066011909,0.047871349,0.047604287,0.074492232,0.036077146,0.055565159,4.038260433,,,4.038260433,0.036077146
file_1,0.056543353,0.070313894,0.043560174,0.053210381,0.081803381,0.053840224,0.032376918,,,0.081803381,0.032376918
file_2,1.04938252,0.06964059,0.063068683,0.071562389,0.063827529,0.10292259,0.10422492,,,1.04938252,0.063068683
file_3,0.066558083,0.133616502,0.030422282,0.102024157,0.090652154,0.034070531,0.080952896,,,0.133616502,0.030422282
file_4,0.048807594,0.043042603,0.055652416,0.060897411,0.105427211,0.04901576,0.042342708,,,0.105427211,0.042342708
file_5,0.161694853,0.110644102,0.120173423,0.136072648,0.098522901,0.130011485,1.128626571,,,1.128626571,0.098522901
file_6,0.048157097,0.030692283,0.031248674,0.045184802,0.024334191,0.034717661,0.057535378,,,0.057535378,0.024334191
file_7,0.038582292,0.04445491,0.181643272,0.327803665,0.031618024,0.034227222,0.035383647,,,0.327803665,0.031618024
file_8,0.035826646,0.046853761,0.463021891,0.042889964,0.040815598,0.320982953,0.047078388,,,0.463021891,0.035826646
file_9,0.075857728,0.062455867,0.132129482,0.22379607,0.072426503,0.11647592,0.055589724,,,0.22379607,0.055589724
file_10,0.083608956,0.091113127,0.078842561,4.014229591,0.091445679,0.090886647,0.082849736,,,4.014229591,0.078842561
file_11,0.104093282,0.049835718,0.093740822,0.08014708,0.091359369,0.084967524,0.102231918,,,0.104093282,0.049835718
file_12,0.066766096,0.060678201,0.829395789,0.099659514,0.064859368,0.115603191,0.068311568,,,0.829395789,0.060678201
file_13,0.039265498,5.200762172,0.040797944,0.043351319,0.042593684,0.038068872,0.033698727,,,5.200762172,0.033698727
file_14,0.091752394,0.085278593,0.048714012,0.125653483,0.059983336,0.069739239,0.06876906,,,0.125653483,0.048714012
file_15,0.036854454,0.209703754,0.043833854,0.042502268,0.045641835,0.039631062,0.052318615,,,0.209703754,0.036854454
file_16,0.089346989,0.101851259,0.079975207,0.064709477,0.092519282,0.090162538,0.665548498,,,0.665548498,0.064709477
file_17,0.040387142,0.035008574,0.505076448,0.049649902,0.033842964,0.171201129,0.056969671,,,0.505076448,0.033842964
file_18,0.046664906,0.051460878,0.05084105,0.243209127,0.040924115,1.960840491,0.035515752,,,1.960840491,0.035515752
file_19,0.045175822,0.046372045,0.035314994,0.053483946,0.036762173,0.036638788,0.039255093,,,0.053483946,0.035314994
file_20,0.084044278,0.038362362,0.044962359,0.068161344,0.052652966,0.057455961,0.052431436,,,0.084044278,0.038362362
file_21,0.027604414,0.024794853,0.036260278,0.068155642,0.02135413,0.652891824,0.024079328,,,0.652891824,0.02135413
file_22,0.153552467,0.160506187,0.107800331,0.099557254,0.129611405,0.128420955,0.118149752,,,0.160506187,0.099557254
file_23,0.125738075,0.421959874,0.059311989,0.129715792,0.09197881,0.077212246,0.105802869,,,0.421959874,0.059311989
file_24,0.11489888,0.12185759,0.178890858,0.142561293,0.087899176,1.864226003,0.079145319,,,1.864226003,0.079145319
file_25,0.029243163,0.027442311,1.678110867,0.476350105,0.025963116,0.052259223,0.043272601,,,1.678110867,0.025963116
file_26,0.07835449,0.093629491,0.137406059,0.07636844,0.069510909,0.142074609,0.055498906,,,0.142074609,0.055498906
file_27,0.097785162,0.065538207,0.095372732,0.089599748,3.177757137,0.089530868,0.117473764,,,3.177757137,0.065538207
file_28,0.0757995,0.063640958,0.115282407,0.074789472,0.071902832,0.137439161,0.343569611,,,0.343569611,0.063640958
file_29,0.150718458,0.399281738,0.077003011,0.065618303,0.098724389,0.087818347,0.066740046,,,0.399281738,0.065618303
file_30,0.055610668,0.049025785,0.057089501,0.079142573,0.0456422,0.053460778,0.040310154,,,0.079142573,0.040310154
file_31,0.073201886,0.081605389,0.142457926,0.102837589,0.0760139,0.244647983,0.07705963,,,0.244647983,0.073201886
file_32,0.028271819,0.031148108,0.038136988,0.030514175,1.518536954,0.037294609,0.01923607,,,1.518536954,0.01923607
file_33,0.127418833,0.05400725,0.06919592,0.085713469,0.048344227,0.067234935,0.793649981,,,0.793649981,0.048344227
file_34,0.05669111,2.48172365,0.05307011,0.054798383,0.043976881,0.047922137,0.054478791,,,2.48172365,0.043976881
file_35,0.079315051,0.091793193,0.283067091,0.112748862,0.139364255,1.184065179,0.063742328,,,1.184065179,0.063742328
file_36,0.171862144,0.124706708,0.112265866,0.14870068,2.870716792,0.129769214,0.104983599,,,2.870716792,0.104983599
file_37,0.184900554,0.088683478,0.045187937,0.059880064,0.049921855,0.030230737,0.043154084,,,0.184900554,0.030230737
file_38,0.388566144,0.040725236,0.057606194,0.04607054,0.055181196,0.036299419,0.374297147,,,0.388566144,0.036299419
file_39,0.035825645,0.04650781,0.042437008,0.036635685,0.045014428,0.037772285,0.633629855,,,0.633629855,0.035825645
file_40,0.05335558,0.030874022,0.024599311,0.024095026,0.02363105,0.078690088,0.019339821,,,0.078690088,0.019339821
file_41,0.049123602,0.012088673,0.017376431,0.020439052,0.01308098,0.019620446,0.040592495,,,0.049123602,0.012088673
file_42,0.025225251,0.048912872,0.024943775,0.028962378,0.029504503,0.024026818,0.021381559,,,0.048912872,0.021381559
file_43,0.068643493,1.715840589,0.068241091,0.094241177,0.061287463,0.060174248,0.05066073,,,1.715840589,0.05066073
file_44,0.064400459,0.057562302,0.084248678,0.076880806,0.066341077,0.056515294,0.048018331,,,0.084248678,0.048018331
file_45,0.084597673,0.051759905,0.039221132,0.081799974,0.055196523,0.043064064,1.052586294,,,1.052586294,0.039221132
file_46,0.053806248,0.058979159,0.050869112,0.078349214,0.532333079,0.054030033,0.037892827,,,0.532333079,0.037892827
file_47,0.127126806,0.09547505,0.227315795,0.174123681,0.181083253,0.236614292,0.119650061,,,0.236614292,0.09547505
file_48,0.123610533,0.09038986,0.159400595,0.10677942,0.230984715,0.14606181,0.068031587,,,0.230984715,0.068031587
file_49,0.097325406,0.49113536,0.076548971,0.098796406,0.127330818,0.063985587,0.080928117,,,0.49113536,0.063985587
file_50,0.05148248,0.050070953,0.07461909,0.047109481,0.895833245,0.080922178,0.07842018,,,0.895833245,0.047109481
file_51,0.037489436,0.080779036,0.048222843,0.04938755,0.057473356,0.035116057,0.04072603,,,0.080779036,0.035116057
file_52,0.039028891,0.087300261,0.037216328,0.04337779,0.045236535,0.0452774,0.047078311,,,0.087300261,0.037216328
file_53,0.075448394,0.100391428,0.123359224,1.124161496,0.027664196,0.059436989,0.145385402,,,1.124161496,0.027664196
file_54,0.137738624,0.128606536,0.3079263,0.151006571,0.115424713,0.516845046,0.123765514,,,0.516845046,0.115424713
file_55,0.995848466,0.10013486,0.09701679,0.120411795,0.098322162,0.099054602,0.068348726,,,0.995848466,0.068348726
file_56,0.052705311,0.037778031,0.093856362,0.104115601,0.047561405,0.08468727,0.047286438,,,0.104115601,0.037778031
file_57,2.141935102,0.05614917,0.088034612,0.041540907,0.074745356,0.100514314,0.049141455,,,2.141935102,0.041540907
file_58,0.021433763,0.027367125,0.011317001,0.019992665,0.022652939,0.292522154,0.023012325,,,0.292522154,0.011317001
file_59,0.08918655,0.057107767,0.083983974,0.053531561,0.047164253,0.202444251,0.090252208,,,0.202444251,0.047164253
file_60,0.040403159,0.041704519,0.036614921,0.028490626,0.038868562,0.030703563,0.037492209,,,0.041704519,0.028490626
file_61,0.030675552,0.038787129,0.33513627,0.036671674,0.045069474,0.712036976,0.044681921,,,0.712036976,0.030675552
file_62,0.05506809,0.062184484,0.204826519,0.073032869,0.062450322,0.529973701,0.057835646,,,0.529973701,0.05506809
file_63,0.095313574,0.05264091,6.522584642,0.094685321,0.078030109,0.338235065,0.077716007,,,6.522584642,0.05264091
file_64,0.067138622,0.05977683,0.053738555,0.039031228,0.045798236,0.068746134,0.085769786,,,0.085769786,0.039031228
file_65,0.039972997,0.720265326,0.016597593,0.029096576,0.055306819,0.027978009,0.046157243,,,0.720265326,0.016597593
file_66,0.028625988,0.028541836,0.024999579,0.027655315,0.048219862,0.031695521,0.028985331,,,0.048219862,0.024999579
file_67,0.093132547,0.043243735,0.063047425,0.068289344,0.135074632,0.064821032,0.057760761,,,0.135074632,0.043243735
file_68,0.061300506,0.111186985,4.664460604,0.081635664,0.102746223,0.262332717,0.063717467,,,4.664460604,0.061300506
file_69,0.293265334,0.280965951,0.655563696,0.415284926,0.690439813,0.705264242,0.234940474,,,0.705264242,0.234940474
file_70,0.012046104,0.016691117,0.042597726,0.020195119,0.017301781,0.03602532,0.011845836,,,0.042597726,0.011845836
file_71,0.082319285,0.109293051,0.244209995,0.075607153,0.071921541,0.233154827,0.073228579,,,0.244209995,0.071921541
file_72,0.060502189,0.080689112,0.030451225,0.04308692,0.072019472,0.054775778,0.044544051,,,0.080689112,0.030451225
file_73,0.060837754,0.054924038,0.083074723,0.112239823,0.061000966,0.055566117,0.04102421,,,0.112239823,0.04102421
file_74,0.136247179,0.117352783,0.120633411,0.127391995,0.127369749,0.167421383,0.240577674,,,0.240577674,0.117352783
file_75,0.086111504,0.295613104,0.069716502,0.088106725,0.054856208,0.061438201,0.063401362,,,0.295613104,0.054856208
file_76,0.057845535,0.096776231,0.271932694,0.077944329,0.075994979,0.134081144,0.071491274,,,0.271932694,0.057845535
file_77,0.073928265,0.089592456,0.432175731,0.095622868,0.08209861,1.230036192,0.093766782,,,1.230036192,0.073928265
file_78,0.037501178,0.044230387,0.050347581,0.051139641,0.049145359,0.043136126,0.155785295,,,0.155785295,0.037501178
file_79,0.080459984,0.079687359,0.14028135,0.069850359,0.088732498,0.550683501,0.070234395,,,0.550683501,0.069850359
file_80,0.065330838,0.093581737,0.166998705,0.15909751,0.198477632,0.138364167,0.058927184,,,0.198477632,0.058927184
file_81,0.042462792,0.035226738,0.260394369,0.054751384,0.056286354,0.441879733,0.039439973,,,0.441879733,0.035226738
file_82,0.051726051,0.035277284,0.209467104,0.052646084,0.079163028,0.096909882,0.032263635,,,0.209467104,0.032263635
file_83,0.079778481,0.067320448,0.281612482,0.097543316,0.082876969,0.378863822,0.059808566,,,0.378863822,0.059808566
file_84,0.082527581,0.060125598,0.053753514,0.091069561,0.071213061,0.090752914,0.245955174,,,0.245955174,0.053753514
file_85,0.190467785,0.11655165,0.038322926,0.149735787,0.132096399,0.064149547,0.085781552,,,0.190467785,0.038322926
file_86,0.117843248,0.026569492,0.027139406,0.047005984,0.033609836,0.027432417,0.029280488,,,0.117843248,0.026569492
file_87,0.084757316,0.043125018,0.061986301,0.05551195,0.042792538,0.049315125,0.337310578,,,0.337310578,0.042792538
file_88,0.080934762,0.147523445,0.161464392,0.082203558,0.120051712,0.09304068,0.065901003,,,0.161464392,0.065901003
file_89,0.068333363,0.06347896,0.191855172,0.085835009,0.056090896,7.739989634,0.058207281,,,7.739989634,0.056090896
file_90,0.064305888,0.087315201,0.075832132,0.174733824,0.118981435,0.16084819,0.071448536,,,0.174733824,0.064305888
file_91,0.06683948,0.0288754,0.03088048,0.035431457,0.06930106,0.020765741,0.026664382,,,0.06930106,0.020765741
file_92,0.016943644,0.026761422,0.009770883,0.023538964,1.106828257,0.017860547,0.012121853,,,1.106828257,0.009770883
file_93,0.196110949,0.287598616,0.112320678,0.217927102,0.180185676,0.095583309,0.105177556,,,0.287598616,0.095583309
file_94,0.068555367,0.052212577,0.344803371,0.084078795,0.079669392,0.201964286,0.063973507,,,0.344803371,0.052212577
file_95,0.211127216,0.056259013,0.039275152,0.066140033,0.065981839,0.043852278,0.062910621,,,0.211127216,0.039275152
file_96,0.05213193,0.04647328,0.074223941,0.064918101,0.054568339,0.076440209,0.143588459,,,0.143588459,0.04647328
file_97,0.250035229,0.202327536,1.402824971,0.172512099,5.535854907,0.294644383,0.166135382,,,5.535854907,0.166135382
file_98,0.055520481,0.04958039,0.090879662,0.080361905,0.118041203,0.078331552,0.047560497,,,0.118041203,0.047560497
file_99,0.057869533,0.052890067,0.047427145,0.083104753,0.050358598,0.052430711,0.048362385,,,0.083104753,0.047427145
file_100,0.128253627,0.120633608,1.313906476,0.140912287,0.080423553,0.316916795,0.084699217,,,1.313906476,0.080423553
file_101,0.081449198,0.063356484,0.093714712,0.09771892,0.067748269,0.065281727,0.048669282,,,0.09771892,0.048669282
file_102,0.156463984,0.140029108,3.194757609,0.149966654,0.120944476,0.359739024,0.126247789,,,3.194757609,0.120944476
file_103,0.063121205,0.045960413,0.062312141,0.061629539,0.134464482,0.065396438,0.055225061,,,0.134464482,0.045960413
file_104,0.097114096,0.076875105,0.102553977,0.356145432,0.079492425,0.114926153,0.114655025,,,0.356145432,0.076875105
file_105,0.771212426,0.082916527,0.098183912,0.088874022,0.070690735,0.098594929,0.068819604,,,0.771212426,0.068819604
file_106,0.063713312,0.054818423,0.061922181,0.056716329,0.133140133,0.08456929,0.069784571,,,0.133140133,0.054818423
file_107,0.030109931,1.303310176,0.040915022,0.057200455,0.051957419,0.053761162,0.027471308,,,1.303310176,0.027471308
file_108,0.17179128,0.126196799,0.081428341,0.106135829,0.053095583,0.157769986,0.06145199,,,0.17179128,0.053095583
file_109,0.043638107,0.044786155,0.048087766,0.047597095,0.343850957,0.031395995,0.055841834,,,0.343850957,0.031395995
file_110,0.055335307,0.093691798,0.022957915,0.036553396,0.033435497,0.019012272,0.034258214,,,0.093691798,0.019012272
file_111,0.087625381,0.085519654,0.101970645,0.11484128,0.078337482,0.064473903,0.08238974,,,0.11484128,0.064473903
file_112,0.136922384,0.037815884,0.060321565,0.048414301,0.03927478,0.039632352,0.048827352,,,0.136922384,0.037815884
file_113,0.103567951,0.032253227,0.054481004,0.08921335,0.046859806,0.053039574,0.0687485,,,0.103567951,0.032253227
file_114,0.113954708,0.130477163,0.117407916,0.182507455,0.12326202,0.130214887,0.964823299,,,0.964823299,0.113954708
file_115,0.05589721,0.057016946,0.050135219,0.3705434,0.077127719,0.072644803,0.057626291,,,0.3705434,0.050135219
file_116,0.073663392,0.05535904,0.068728957,0.092544843,0.06854229,0.056238814,0.037917674,,,0.092544843,0.037917674
file_117,0.08028057,0.061549921,0.053839188,0.077108456,0.067603245,0.053381365,0.080403041,,,0.080403041,0.053381365
file_118,0.053179338,0.062930867,0.0793659,0.04769107,0.058375516,0.084638537,0.434565671,,,0.434565671,0.04769107
file_119,0.04971899,0.043864762,0.039771328,0.055069158,0.062652963,0.045732249,1.216466425,,,1.216466425,0.039771328
file_120,0.144801848,0.091380333,0.266391538,0.088629798,0.113564995,0.179793189,6.443598299,,,6.443598299,0.088629798
file_121,0.079142077,0.029744491,0.065110452,0.042130831,0.044150945,0.078812731,0.043690486,,,0.079142077,0.029744491
file_122,0.023143974,0.042705105,0.027041653,0.027150706,0.022203596,0.036188862,0.01441624,,,0.042705105,0.01441624
file_123,0.133305476,0.135437669,0.29009543,0.132831031,0.103643437,5.732889095,0.111034909,,,5.732889095,0.103643437
file_124,0.086434208,0.07451522,0.073729001,0.071811521,0.05913713,0.044761603,0.051080352,,,0.086434208,0.044761603
file_125,0.112487785,0.080987276,0.427397784,0.121030219,0.134921818,3.111727707,0.174190361,,,3.111727707,0.080987276
file_126,0.064686209,0.071023263,0.065987285,0.035679802,0.192512922,0.047094053,0.059239794,,,0.192512922,0.035679802
file_127,0.030553542,0.440565248,0.016220858,0.040642858,0.031061984,0.021347982,0.031047586,,,0.440565248,0.016220858
file_128,0.050899389,0.170065506,0.036459728,0.025395192,0.083152236,0.056673176,0.043960355,,,0.170065506,0.025395192
file_129,0.031827453,0.48234181,0.022685205,0.027336602,0.030072152,0.034010225,0.026763776,,,0.48234181,0.022685205
file_130,0.05929286,0.040667636,0.32519556,0.063965363,0.066800205,0.105786078,0.053011164,,,0.32519556,0.040667636
file_131,0.03640192,0.013640576,0.033288531,0.044264955,0.033411215,0.023399061,0.027186029,,,0.044264955,0.013640576
file_132,0.68747761,0.061918578,0.071811875,0.086419886,0.06515852,0.074872046,0.061071859,,,0.68747761,0.061071859
file_133,0.063320901,0.071934492,2.107538463,0.080594729,0.080143575,0.191029852,0.06128428,,,2.107538463,0.06128428
file_134,0.067457128,0.043934559,0.563135156,0.099613093,0.081252518,0.195335305,0.071921829,,,0.563135156,0.043934559
file_135,0.017324055,0.020465297,0.014558686,0.016206435,0.0228149,0.015077034,0.016794057,,,0.0228149,0.014558686
file_136,0.616503754,0.039413277,0.029328518,0.047159012,0.058508439,0.033128626,0.035493339,,,0.616503754,0.029328518
file_137,0.078642667,0.067294681,0.155088851,0.105562084,0.077110039,0.153276737,0.058771823,,,0.155088851,0.058771823
file_138,0.050392559,0.084973911,0.051482873,0.11586551,0.077618256,0.040491482,0.028300346,,,0.11586551,0.028300346
file_139,0.082338731,0.106051029,0.015493892,0.044650582,0.022179322,0.029071913,0.096749708,,,0.106051029,0.015493892
file_140,0.07878017,0.081642216,0.241736728,0.111089578,0.092728334,0.166684463,0.062655734,,,0.241736728,0.062655734
file_141,0.078951238,0.049645295,0.93927639,0.095816536,0.065444868,1.731064254,0.062310968,,,1.731064254,0.049645295
file_142,0.084735614,0.054036576,0.26089671,0.054750442,0.05340149,0.126323247,0.092712842,,,0.26089671,0.05340149
file_143,0.055850384,0.059286537,0.117361506,0.912479594,0.080151239,0.08875997,0.04456516,,,0.912479594,0.04456516
file_144,0.016413971,0.054251443,0.022566923,0.021565417,0.0275971,0.015529551,0.018356786,,,0.054251443,0.015529551
file_145,0.793931954,0.06119107,0.076078592,0.095006742,0.06195921,0.085117556,0.072380488,,,0.793931954,0.06119107
file_146,0.088620056,0.140663732,0.083520718,0.095926025,0.080008352,0.090931283,0.084439354,,,0.140663732,0.080008352
file_147,0.141660558,0.054303539,0.105672261,0.057753047,0.05704489,0.114924193,0.597649113,,,0.597649113,0.054303539
file_148,0.079840133,4.593292313,0.099046723,0.109705364,0.200489357,0.065708534,0.053906721,,,4.593292313,0.053906721
file_149,0.178229505,0.132389896,9.166331273,0.178351412,0.179409372,0.311641986,0.13228271,,,9.166331273,0.13228271
file_150,0.068353517,0.087758265,0.07199801,0.078847117,0.09382029,0.086765502,0.059758395,,,0.09382029,0.059758395
file_151,0.074214354,0.073196174,0.582834626,0.096389645,0.078769501,0.195041948,0.074014201,,,0.582834626,0.073196174
file_152,0.088207658,0.068828239,0.430448715,0.072097015,0.09855409,0.251325657,0.062748648,,,0.430448715,0.062748648
file_153,0.194066364,0.167836309,0.21887122,0.204367495,0.226285744,0.191419983,0.154399772,,,0.226285744,0.154399772
file_154,0.054998351,0.131776753,0.118745206,0.065602934,0.042465796,0.123201105,0.163732718,,,0.163732718,0.042465796
file_155,0.117060488,0.25970153,0.069078556,0.115454438,0.08060499,0.052955616,0.071351116,,,0.25970153,0.052955616
file_156,6.291436826,0.099854937,0.088197939,0.127022624,0.080968605,0.091890917,0.086499641,,,6.291436826,0.080968605
file_157,0.112936629,0.055337709,0.05857832,0.057791989,0.056131616,0.088325523,0.078675402,,,0.112936629,0.055337709
file_158,0.034168411,0.045889186,0.035946901,0.056582879,0.041049965,0.036278283,0.028396432,,,0.056582879,0.028396432
file_159,0.082842295,0.080136443,0.168671771,0.105215187,0.084621438,0.226313542,0.064568213,,,0.226313542,0.064568213
file_160,0.492651014,0.045270445,0.067516995,0.046763739,0.034331572,0.069989995,0.040839755,,,0.492651014,0.034331572
file_161,0.032945199,0.030696672,0.039636638,0.049899718,0.032183367,0.032620643,0.033090857,,,0.049899718,0.030696672
file_162,0.191398061,0.048998029,0.070912783,0.046045026,0.057053632,0.049209183,0.047297902,,,0.191398061,0.046045026
file_163,0.064885499,0.045440441,0.07521451,0.042778372,0.044711337,0.047308023,0.053985622,,,0.07521451,0.042778372
file_164,0.052640937,0.039168622,0.048303919,0.054194025,0.066001161,0.039158625,0.032138919,,,0.066001161,0.032138919
file_165,0.07027129,0.056025091,0.087533627,0.067627449,0.073252272,0.071617121,0.141330976,,,0.141330976,0.056025091
file_166,0.10776427,0.077228347,0.095334684,0.105437812,1.439397624,0.133767455,0.091675503,,,1.439397624,0.077228347
file_167,0.2527526,0.137670399,0.136697228,0.117923123,0.115818885,0.097226846,0.2159127,,,0.2527526,0.097226846
file_168,0.091430855,0.051716168,0.023706094,0.017278831,0.038901053,2.935651887,0.051684145,,,2.935651887,0.017278831
file_169,0.080063476,0.067226309,0.188751164,0.08334208,0.353726165,0.15041157,0.062044905,,,0.353726165,0.062044905
file_170,0.025538115,0.02882136,0.048555455,0.039963539,0.056583252,0.034075541,0.018364153,,,0.056583252,0.018364153
file_171,0.114463149,0.163290636,0.219901447,0.147845786,0.122191567,0.223071093,0.153506888,,,0.223071093,0.114463149
file_172,5.113866326,0.054818922,0.048384838,0.075259375,0.089333158,0.088938072,0.055213773,,,5.113866326,0.048384838
file_173,0.032938084,0.04135416,0.033525114,0.066622709,0.03688248,0.033308245,0.029125037,,,0.066622709,0.029125037
file_174,0.03025665,0.027542294,0.026795234,0.027541935,0.077804407,0.026226454,0.028433882,,,0.077804407,0.026226454
file_175,0.062568191,0.065761139,0.055200968,0.067195719,0.07335907,0.063595658,0.066423515,,,0.07335907,0.055200968
file_176,0.667822381,0.040447871,0.04834141,0.057020827,0.046230201,0.042620843,0.051120912,,,0.667822381,0.040447871
file_177,0.11511206,0.081061396,0.656827582,0.138202634,0.10507234,0.180593831,0.119612846,,,0.656827582,0.081061396
file_178,0.085636082,0.129613425,1.313931207,0.114132871,0.131923641,0.324141226,0.068081099,,,1.313931207,0.068081099
file_179,0.103295313,0.163996949,0.916383228,0.231353899,0.096185821,0.377823175,0.138006575,,,0.916383228,0.096185821
file_180,0.070408079,0.052880294,0.046463991,0.074712893,0.048362767,0.08591964,0.039906243,,,0.08591964,0.039906243
file_181,0.04373957,0.244420786,0.023468384,0.096767595,0.09400457,0.03136364,0.035260888,,,0.244420786,0.023468384
file_182,0.051353617,0.046937715,0.246775358,0.072645838,0.057882035,0.107155373,0.04151161,,,0.246775358,0.04151161
file_183,0.047998638,0.051695314,0.122285594,0.066132989,0.072735686,0.088759387,0.04345466,,,0.122285594,0.04345466
file_184,0.052108592,0.046919557,0.077434083,0.221431368,0.069726204,0.086234928,0.038351322,,,0.221431368,0.038351322
file_185,0.067396448,0.071284042,0.09343782,1.022543889,0.076050266,0.099044007,0.058826942,,,1.022543889,0.058826942
file_186,0.048288009,0.058247364,0.054095317,0.033428833,0.112184607,0.040043922,0.05598994,,,0.112184607,0.033428833
file_187,0.035811109,0.038719507,0.057619246,0.039403231,0.025968254,5.465512256,0.055824789,,,5.465512256,0.025968254
file_188,0.045212834,0.174018392,0.041009676,0.046823516,0.063035669,0.043387202,0.044146041,,,0.174018392,0.041009676
file_189,0.14977967,0.09153632,0.498408702,0.196628923,0.186669779,0.436239355,0.109847624,,,0.498408702,0.09153632
file_190,0.058058906,0.053538722,0.126938745,0.074422926,0.068001068,0.091874557,0.046783584,,,0.126938745,0.046783584
file_191,0.046474338,0.04714555,0.171863377,0.038078604,0.050134038,0.088336252,0.036774126,,,0.171863377,0.036774126
file_192,0.062027342,0.073299235,0.170150212,0.144674873,0.463422121,0.090796727,0.084745927,,,0.463422121,0.062027342
file_193,0.155166189,0.21467613,0.246591697,0.157599592,0.173400168,0.163570548,0.20038912,,,0.246591697,0.155166189
file_194,0.070728664,0.041519026,0.094389881,0.076177884,0.225495215,0.074406152,0.043018367,,,0.225495215,0.041519026
file_195,0.173967146,0.045282328,0.044594659,0.046209752,0.041476147,0.04876512,0.048585594,,,0.173967146,0.041476147
file_196,0.070846657,0.055930451,0.119972151,0.05897411,0.421306942,0.105504463,0.049093512,,,0.421306942,0.049093512
file_197,0.109827346,0.517656972,0.202354423,0.212473538,0.164007086,0.137587189,0.105454065,,,0.517656972,0.105454065
file_198,0.053567102,0.06036445,0.089195518,0.053616323,0.049991369,0.079758167,0.077515694,,,0.089195518,0.049991369
file_199,0.229829138,0.201665008,0.157083009,0.184474773,0.198210101,1.227804795,0.208610124,,,1.227804795,0.157083009
file_200,0.065987449,0.043227276,0.193284618,0.054053061,0.075206938,6.61142064,0.055585338,,,6.61142064,0.043227276
file_201,0.073098628,0.073575491,0.100802428,0.079849407,0.064882584,0.079962071,1.046343441,,,1.046343441,0.064882584
file_202,0.035292142,0.035870963,0.078044086,0.082609037,0.032883301,0.073934135,0.029137852,,,0.082609037,0.029137852
file_203,0.204646924,0.059276781,0.051020824,0.063972923,0.053879826,0.056926343,0.062110678,,,0.204646924,0.051020824
file_204,0.111834923,0.108151354,0.083475533,0.086204173,0.289930414,0.064083064,0.089740849,,,0.289930414,0.064083064
file_205,0.124553798,0.136719464,0.425316796,0.169676645,0.126490226,0.234182445,0.119633425,,,0.425316796,0.119633425
file_206,0.038230425,0.03873633,0.136705086,0.057309852,0.057749815,0.20028406,0.044304317,,,0.20028406,0.038230425
file_207,0.300750965,0.054272684,0.063809695,0.060610125,0.036988521,0.07367443,0.057795631,,,0.300750965,0.036988521
file_208,0.093594326,0.079410498,0.461816835,0.12633068,0.094977602,0.235844443,0.091428428,,,0.461816835,0.079410498
file_209,0.047801328,0.035860695,0.056721583,0.062728371,0.0512112,0.071347584,0.035921923,,,0.071347584,0.035860695
file_210,0.451402841,0.392471646,1.656878426,0.488373532,0.575468007,0.37766152,0.565585694,,,1.656878426,0.37766152
file_211,0.025668253,0.029226957,0.024711701,0.041626744,0.026963729,0.028028658,0.026760291,,,0.041626744,0.024711701
file_212,0.066622674,0.059133328,0.059022766,0.047532218,0.632165739,0.05754149,0.051470017,,,0.632165739,0.047532218
file_213,0.066075659,0.325870567,0.041282567,0.05422014,0.055104103,0.064044642,0.046890255,,,0.325870567,0.041282567
file_214,0.027438221,0.017669428,0.029624332,0.025575992,0.02432654,0.056124175,0.032884593,,,0.056124175,0.017669428
file_215,0.058284748,0.066655478,0.163019782,0.068423526,0.055161884,2.27092529,0.071622099,,,2.27092529,0.055161884
file_216,0.089282023,0.137377378,0.08784133,0.105352302,0.126008328,0.109257441,0.072920675,,,0.137377378,0.072920675
file_217,0.059708464,0.050945327,0.061484356,0.655384863,0.061690674,0.060447801,0.054362525,,,0.655384863,0.050945327
file_218,0.0118787,0.017921655,0.02169017,0.012133411,0.012724089,0.017817673,0.130835452,,,0.130835452,0.0118787
file_219,0.068565907,0.020424665,0.021143325,0.021138642,0.019270831,0.018345915,0.018470082,,,0.068565907,0.018345915
file_220,0.014181843,0.032829183,0.00952889,0.029106884,0.446320328,0.011998336,0.021390583,,,0.446320328,0.00952889
file_221,0.265894414,0.34585972,0.136061027,0.230419313,0.317715261,0.115292774,0.145741141,,,0.34585972,0.115292774
file_222,0.047342754,0.098908108,0.050583219,0.06645025,0.077062378,0.039617673,0.147819416,,,0.147819416,0.039617673
file_223,0.120584228,0.218675611,0.096495307,0.099518167,0.101628096,0.078161686,0.066360021,,,0.218675611,0.066360021
file_224,0.712998453,0.377601448,0.11411665,0.200505255,0.220513414,0.251016064,0.121802791,,,0.712998453,0.11411665
file_225,0.019249631,0.020569681,0.014370755,0.020886257,0.018053875,0.014830086,0.017784049,,,0.020886257,0.014370755
file_226,0.065599774,0.102008404,0.120580897,0.053087095,0.039200358,0.037355955,0.050799486,,,0.120580897,0.037355955
file_227,0.033683627,0.038189883,0.025888432,0.046914814,0.028985636,0.036326054,0.059222007,,,0.059222007,0.025888432
file_228,0.061567547,0.073104966,0.064136676,0.080382159,0.072952664,0.047184042,0.064757584,,,0.080382159,0.047184042
file_229,0.142437499,0.09506685,0.061795302,0.045332703,0.065841571,0.077644091,0.053664436,,,0.142437499,0.045332703
file_230,0.116180799,0.24149779,0.143198136,0.157275984,0.122184229,0.13455153,0.103218724,,,0.24149779,0.103218724
file_231,0.082390425,0.102850117,0.084356429,0.078505726,1.606963278,0.101508359,0.064015614,,,1.606963278,0.064015614
file_232,0.154969057,0.210013602,0.168228914,0.213611019,0.040953206,0.241453939,0.197099691,,,0.241453939,0.040953206
file_233,0.068218584,0.112678798,0.08084687,0.088520714,0.062855762,0.07271125,0.05753964,,,0.112678798,0.05753964
file_234,0.051978391,0.189069928,0.019248543,0.037039797,0.09502057,0.065478423,0.058601629,,,0.189069928,0.019248543
file_235,0.135926934,0.11790632,0.132090766,0.100627035,0.165489751,0.081737567,0.124403321,,,0.165489751,0.081737567
file_236,0.050918886,0.075139361,0.035495119,0.12658213,0.090580103,0.04033434,0.072151439,,,0.12658213,0.035495119
file_237,0.044325104,0.078818659,0.087875898,0.047278228,0.076489068,0.0881201,0.031301341,,,0.0881201,0.031301341
file_238,0.050662746,0.060471154,0.196374827,0.072370148,0.074706697,0.141033593,0.051025177,,,0.196374827,0.050662746
file_239,0.038904638,0.136465028,0.032241751,0.055877414,0.077633692,0.076545712,0.085680249,,,0.136465028,0.032241751
file_240,0.212221533,0.083058974,0.511039182,0.29315338,0.108204335,0.29179442,0.118488621,,,0.511039182,0.083058974
file_241,0.058883074,0.078597775,0.035775068,0.020462067,0.043605453,0.032893408,0.779220633,,,0.779220633,0.020462067
file_242,0.026209922,0.053498019,0.032167957,0.026035294,0.259003625,0.02988856,0.04006205,,,0.259003625,0.026035294
file_243,0.190844359,0.130098431,1.542209183,0.162752487,0.235717848,0.23064919,0.162655859,,,1.542209183,0.130098431
file_244,0.101480686,0.115602104,0.176463124,0.056518395,0.97608835,0.071579975,0.106146567,,,0.97608835,0.056518395
file_245,0.090014535,0.099426534,0.08552957,0.091103916,0.08322167,0.103228377,1.525008633,,,1.525008633,0.08322167
file_246,0.184870386,0.317632087,0.145744194,0.011966169,0.309249486,0.02460037,0.109518476,,,0.317632087,0.011966169
file_247,0.058704392,0.051235445,0.091854826,0.156067909,0.062330263,0.056056662,0.048461321,,,0.156067909,0.048461321
file_248,0.033037857,0.043826297,0.022606505,0.030338443,0.028541652,0.033085296,1.275540321,,,1.275540321,0.022606505
file_249,0.199900634,0.23232576,0.757791908,0.258107699,0.245999117,0.193149187,0.19937337,,,0.757791908,0.193149187
file_250,0.040664904,0.530888173,0.040778911,0.066624122,0.049876064,0.032399638,0.085716649,,,0.530888173,0.032399638