,atheism,autos,graphics,medicine,motorcycles,religion,space
file_0,0.0013647310984609314,0.0014494211598723836,0.0019285375735562328,0.001648631937683005,0.0009906397138003437,0.001537078005864314,0.0014811598073699178
file_1,0.002008621441041992,0.0032648837604084082,0.003528392424663421,0.0017649996203793188,0.00252138360464166,0.0022935922858115508,0.002350471835823342
file_10,0.00180641611940097,0.0010090542206489374,0.0024477528605840126,0.0032827184161621373,0.002225028470467755,0.002478015702116379,0.0023551544831217322
file_100,0.0019373283491599539,0.002648551717984251,0.002475230325015024,0.0022384330589113755,0.0024344222740462535,0.0017372424196756453,0.0023733541935429866
file_101,0.0011396134585142513,0.001715100471438632,0.0016926058044820238,0.0015422932669595572,0.0016752065878261654,0.0011414648655552427,0.0010943653146630403
file_102,0.0015917531828019598,0.0014931370669695114,0.001543458817876882,0.0017799549487943689,0.0012427461665701902,0.0015879998082583568,0.0017777561457481383
file_103,0.0013216801885319763,0.0015828738350090984,0.0019185361429501595,0.0017184890062512013,0.001354601657282968,0.0013513095248816676,0.0013849097492659522
file_104,0.0006978790294441154,0.0024283353866946756,0.0024364403481753295,0.0009826654813965472,0.002177783074847652,0.0013994624355064874,0.002103439849672295
file_105,0.0011478702304796031,0.002234773816909819,0.001970743959477507,0.0017741912580181197,0.0023289547204873545,0.0007479994438065142,0.0016683416061146535
file_106,0.0012788902666961066,0.0022104835165497163,0.001937418069743912,0.00100427907984788,0.002025532728064793,0.0014203183379472315,0.0015307177959081732
file_107,0.0018961803640591066,0.003286644674281012,0.003375611443510137,0.0008573559928255059,0.0026615119594113465,0.0020541012271706217,0.0027419487259527724
file_108,0.0011982587078753306,0.0010494788346821346,0.0015665272373879297,0.0017054938265245942,0.0014415827534016744,0.0013278718946032266,0.0016739496392702232
file_109,0.0006514728514886199,0.0017791494899710698,0.0018081499470466284,0.0014415269966108792,0.001967044800988586,0.001113704838017109,0.0015208547913419309
file_11,0.0013279635823076012,0.0019237294595895527,0.0010446667474844423,0.0015244342681056573,0.0018585807190373354,0.0013078542509843802,0.0013497582355371115
file_110,0.002188380397349432,0.002273519956241695,0.002133182978104704,0.0016785907363165112,0.0022124940525859262,0.001738245551497123,0.0019657469333589817
file_111,0.0018481257435229758,0.0027894532594280063,0.0019835924031664457,0.002476217961766638,0.002729757757149302,0.0018917622358744222,0.0021443695394494653
file_112,0.002008809931064692,0.0023212412008159176,0.002642693925436946,0.002374813591015645,0.0010826171409537416,0.002048731777282237,0.002247670179702521
file_113,0.00046639046620773633,0.0014228711348657581,0.0016086983591151057,0.0013440880283742032,0.0013213780419419991,0.0006417890504860915,0.0011188096183239622
file_114,0.001243217030240776,0.0019089466209423309,0.0020169527559386665,0.0014295870420499603,0.0017883435584913157,0.0005761524914834702,0.001679993360296591
file_115,0.0024116315894945634,0.002118102464611787,0.0026626253397731055,0.003020079077550507,0.0021124082749821153,0.002464333479770468,0.0023967786607044417
file_116,0.0013995890510517504,0.0010041331412302683,0.001772014810739893,0.002374770285812931,0.0020326271168006234,0.0018435962315065653,0.0017805846227662032
file_117,0.001433492410443211,0.002285050954190736,0.003072255750929479,0.0017589786684068882,0.002342907856197352,0.0009551008553635913,0.0020382626835195737
file_118,0.0018992761610888823,0.0024660624929445803,0.002670676333111896,0.0018730215480836153,0.0021266971622538517,0.001995342968115969,0.0024264902227589084
file_119,0.0022143076077964265,0.0023736798514253574,0.0017838994056172052,0.0018577621253807923,0.002817805068072505,0.0013723952615239052,0.0027763213512445014
file_12,0.0010475473167722927,0.0015918388814115999,0.0018670203426266606,0.0014757568472674484,0.001492054321637681,0.0008049331714612006,0.0014685877188501436
file_120,0.00047715808173566965,0.0023831210199380406,0.0029131516762907175,0.0010479704201398442,0.00230929093133234,0.0014218002644377683,0.002368302749824064
file_121,0.0008203417220847145,0.001190118734037207,0.0008245376485948825,0.0009661587255483335,0.0010492755839949651,0.0008237751152390034,0.0008523223551517603
file_122,0.001882665790022106,0.002678644377430687,0.0030362453672559417,0.0027805565178319657,0.0028264914633313646,0.0020596221914354245,0.0010677315622031646
file_123,0.0014161885127832216,0.0015336959093910812,0.0019690227802933173,0.001544473536862976,0.001111543719388511,0.001313442298028051,0.0016761709998879281
file_124,0.0008910811531789766,0.0014025511643279715,0.0010689216693057378,0.0010461586530651715,0.0012177863328289601,0.0008343367773775505,0.0012004209551009413
file_125,0.0009911540748005153,0.0017084182894768444,0.0016676433914988309,0.0007393874263236991,0.0015131037139289802,0.0009883209391224523,0.0012634439876312911
file_126,0.0012843149050927294,0.002466518870791068,0.00266935061194079,0.0023822941306107384,0.002125343786209617,0.0009881690275888669,0.002449458977895203
file_127,0.0019796102002491477,0.0031689647221320263,0.0027713794951200635,0.002294687019080151,0.002963157863719765,0.0016787775985821957,0.000805779701248819
file_128,0.0011246682417343878,0.0010911589223903289,0.0018655651628450873,0.0014508028532857627,0.0007643348377388939,0.0012771986783566673,0.0013397858435115555
file_129,0.0014011496415371378,0.0020319346404933086,0.0009671470028481496,0.0016469522090707162,0.0019034386239406213,0.00133864872957776,0.0014533584308922902
file_13,0.0011091778676152089,0.002137383285390203,0.0020974548142530295,0.002148564113205731,0.0021664557739219477,0.0008922676269751154,0.0016479321746443482
file_130,0.001214537052049144,0.0021949194401839544,0.002313495289075653,0.0017581572502493499,0.00215042713903978,0.0014026734191420517,0.0007765158470960233
file_131,0.0018560391910489296,0.0014132501626854725,0.0024454324047709984,0.0015539677023931142,0.0014239173410227474,0.0014367029113927924,0.00163572720744544
file_132,0.0021926163863984077,0.0009698586950187984,0.002563440982223379,0.0018099985833154454,0.000963079854091985,0.0018184586220999818,0.002493462254412169
file_133,0.0016599863959516456,0.0016457932350671123,0.0027948708335124002,0.0023364801586494345,0.000689608346305337,0.0016623892658822405,0.002063065735255108
file_134,0.0015305874094540457,0.0036015609737840614,0.0034049790928138745,0.0030833651434350913,0.003225693947540012,0.0017426500402453308,0.0031214395079789264
file_135,0.0007204844083199632,0.0010609149537779087,0.0008364030494129583,0.0009451999318475847,0.0009294644253016932,0.0006266717121150521,0.0010874236059244557
file_136,0.001998088756925246,0.0028457668690473853,0.0018021522425452385,0.0020844267812555354,0.0032641045305178877,0.002319819272536804,0.001531224506127303
file_137,0.0014978135215222529,0.001936752634740087,0.0008240387985817201,0.00125765070376839,0.0019969514878968204,0.001233127828532891,0.0014108608118468756
file_138,0.001708905274575734,0.002189454530023455,0.0022245088348503356,0.0017354619995692858,0.0021135137483997233,0.001561379864185565,0.0015302533146855527
file_139,0.001091986351194454,0.0016532061105718465,0.001522162696863698,0.0014849569028297243,0.0010056450463458886,0.0011126604810368303,0.0011472651458184176
file_14,0.00138203214638194,0.0024626730662713993,0.001952225127674376,0.0016459260652283078,0.002198364323352242,0.0013131922372124514,0.0007759140008014415
file_140,0.0009227717484708727,0.0011791919532598797,0.001499565275783954,0.0010344447125663523,0.0011781694688475608,0.0009466227805005628,0.0011518428094704058
file_141,0.0012326303693364817,0.0015793194638313171,0.0015267086083392543,0.0016389567775898237,0.0015953623043434503,0.001374971657074625,0.0010349428154949629
file_142,0.0014933052675572933,0.0016535985918872977,0.0008738933521245523,0.0016605731045781507,0.0014725775254338536,0.0013398740112900713,0.0012790661230825577
file_143,0.001993638231047104,0.0026048998509651624,0.0021727764468938223,0.0020448228994350837,0.0028628445412491248,0.0015751738778202894,0.0014822660240038522
file_144,0.0013549940312251167,0.001969367864709208,0.001689096561361322,0.0013005987437456307,0.0018864141717992696,0.0013931684997326654,0.001403420091083246
file_145,0.0009809762710111037,0.0016402812470832765,0.0011650990639382245,0.0014158318904536578,0.0015847528772830776,0.0009018701277795053,0.0017105977530264026
file_146,0.0019318505636893074,0.0016897659110262843,0.003781202207567841,0.002260583738944057,0.0032630819937433135,0.0019118789766447385,0.0020136103243827493
file_147,0.0009537913277913989,0.0025743396835163886,0.0024695946877848736,0.002222918979722367,0.0024982275041840903,0.0010013275103417528,0.0022332536852049615
file_148,0.0017026581321668403,0.001493169268672015,0.0024386497343461496,0.0016768546631156633,0.0016060388996469103,0.0012851616822747826,0.001507296397901423
file_149,0.0013662157694690716,0.00195557035932928,0.002043045073200192,0.0012246747004677223,0.0024611387715493395,0.0014041449499384376,0.001759831515639186
file_15,0.0009537046607154806,0.0007688281390981862,0.0017481217038724244,0.0014461597323817351,0.0012533043445816564,0.0009664234178813615,0.001419095404661842
file_150,0.0015069518434548438,0.004195179405266115,0.005173626627581837,0.00336524228146603,0.0038419578237750595,0.0012481346501069523,0.004133415018565335
file_151,0.0010933564112571624,0.0019626825360348774,0.0031258618065713104,0.0026139464381639333,0.0032802855359064334,0.0008471710365071231,0.00236553553657777
file_152,0.002298266838923918,0.0028288351129799366,0.003308026342848347,0.0022134827311848797,0.0032276480862263915,0.002388329804251708,0.0024456787666340915
file_153,0.001164509890119705,0.0019375854274987674,0.0019842740510532674,0.0018322284277237989,0.0022537458694981962,0.0005968238168711259,0.0018888380768841862
file_154,0.0008510451029407275,0.001938144331722055,0.0022805063577534595,0.0017978023725663728,0.0021708415516012718,0.000705443654562476,0.0017556758501612712
file_155,0.0006690694370162907,0.0019279543196050449,0.0026328401764252976,0.0018605894014649073,0.0015710363195772631,0.0011739980305595834,0.0014223061382688308
file_156,0.0016014839073703066,0.0019237288168941805,0.0030307467579326485,0.002031575434395912,0.0015598336984841323,0.0021867470283595323,0.0023347319665737664
file_157,0.0019521578192609925,0.0034441950561273217,0.0010892862283784844,0.002551755925633515,0.003997129505105121,0.0022884442180396906,0.002186763334925174
file_158,0.0009991499264871524,0.001313504398526491,0.0014674440899958118,0.001451042479780015,0.0012341673952130107,0.0008801275535759492,0.0011038363828962535
file_159,0.0009524543854514436,0.0018983469052127084,0.0016295533735682644,0.0015454957104216814,0.0016277988748599715,0.0009445020682917602,0.0011708276467029962
file_16,0.0008042153495697934,0.002819177839084924,0.0026971307564298093,0.0018693990966786196,0.0032753342232788646,0.0009593560598372441,0.0021283408523693377
file_160,0.0015750075270683063,0.00307429005754567,0.002043889330097383,0.0021600263163516534,0.0020279002743935955,0.001463659933584009,0.0013663260276188748
file_161,0.0008451559600638369,0.002312326944630475,0.0029040791094544034,0.0024493115989258985,0.001897015384897535,0.0010339060272876032,0.001967503050935422
file_162,0.0012726836143468162,0.002638537634184979,0.0021970835585511405,0.002178770481518167,0.0021704134803124304,0.001473966841258153,0.0018805496844832158
file_163,0.0019624062606694785,0.0032599230707481743,0.0038155863234211433,0.0027057202605686725,0.004022818446189536,0.001666025992026983,0.0028727255678780224
file_164,0.0012724121972438691,0.0016961662542355237,0.001705413963405601,0.0009925049277778471,0.0015288565729128154,0.0012984848778034048,0.001337761845408787
file_165,0.001923228716421047,0.0022138243626681673,0.0036990676661630413,0.0029812350673679234,0.002230083008453879,0.002027740213955004,0.0028532192864436476
file_166,0.001464054996693851,0.002273701468262583,0.0010537217450752585,0.0015815379419339875,0.002160021293562638,0.001516068262126733,0.0015113214274958744
file_167,0.0006374608693285303,0.0017854324282068439,0.0022055441387456545,0.0017697321870570693,0.0016762762432370251,0.00104191233900812,0.001615268314629256
file_168,0.0007416452132058028,0.0018588756843024635,0.0017298606419325596,0.001356153003350341,0.001741565418234036,0.0009963927644763024,0.0013468098842071715
file_169,0.0015001989588241456,0.0020881760949674833,0.0023358648983914615,0.0020173470049183653,0.0016493144610389206,0.0015453594809484031,0.0018645689475776314
file_17,0.0012941889390781776,0.0019274584919295847,0.0021282928991774256,0.0016332973857379213,0.0018304697671073752,0.0009423655714477403,0.001553902615351188
file_170,0.0008819200345338413,0.0012732413778451534,0.0014316484933529832,0.001243282796079502,0.0012507964333439213,0.001112379994921768,0.0010126030948689581
file_171,0.001098881476156778,0.0017645951723616212,0.0015585849321816377,0.00161811668623115,0.0018271878409006105,0.0005495409506204409,0.0018642889835350672
file_172,0.0006820715967714647,0.0020264042096452962,0.0019251611377963942,0.0013770699424446617,0.0014953579958515177,0.0013633072721346375,0.001428694650151222
file_173,0.0009947170485417307,0.002124335506495691,0.0026403704692515013,0.0019135462810878543,0.0021132183385156418,0.0013021731664791406,0.002178042364994017
file_174,0.0013781455400979246,0.0016331331603931312,0.0018725638728326784,0.0017611998255948893,0.0011029700567424705,0.0014538964636313157,0.0019317631934395452
file_175,0.0016921632459386351,0.0022784663512493953,0.0027339832417674873,0.0015539625197865065,0.002523757365364993,0.0014433632278186112,0.0018461265118610147
file_176,0.0009323040554304547,0.001162840491808178,0.0012198885223193648,0.0011817318592537937,0.0012898428042823352,0.0009012789452422699,0.0009567567764031857
file_177,0.0016516923942546163,0.0016281434236962728,0.0024691220418549395,0.0020455303573713173,0.0009020158856659758,0.0018965595888182593,0.0020562365571873014
file_178,0.0009740914913807757,0.0018667927466635916,0.001952402488555662,0.001676857625180344,0.0015992128881831113,0.0010913461111538233,0.0010177251784937729
file_179,0.001052574357658077,0.0020704492742128836,0.0021220875886911535,0.0017012423574358083,0.0018751700400726778,0.0006951128449767045,0.0016618463642644333
file_18,0.001660354795954714,0.0018100596036201612,0.0021370690020265353,0.0025347168923697577,0.0015559112836696196,0.0017156050928376317,0.0016039821885373057
file_180,0.0020351944063813697,0.0015794453450171289,0.002871365902086254,0.0029939537665102382,0.002654643603926051,0.0019099003347665645,0.0013185355723570767
file_181,0.0014746238074338208,0.002248929034153916,0.0022388832513152005,0.002307255402216596,0.002426698082612924,0.00168252199597475,0.0016141876387872724
file_182,0.0010987656124785378,0.0014164263238994838,0.0013977856553835063,0.0012145763767565194,0.0016249006795078897,0.0010857275727250773,0.0009853155789647094
file_183,0.0007472122519398224,0.0017045785338970986,0.001478064070181697,0.0013072689878005923,0.0014646044357905542,0.0008118349109850924,0.0011837061489605152
file_184,0.0013005536974897034,0.0011265525135367963,0.0022021282193596635,0.002051520627419913,0.0016167517979170398,0.0014887238100112466,0.001911024639851577
file_185,0.001140752295962058,0.0013842696556660165,0.001347266582358035,0.0015658917124675067,0.0009628818245218441,0.0009294439941071623,0.0011699032173638892
file_186,0.0008755042693330556,0.0015330434900216036,0.001251473468674488,0.0011126530163104284,0.0014915652995670361,0.0010313130637537987,0.0007081467528323433
file_187,0.0010528631049286433,0.0017252031613933126,0.0017072167322893159,0.001456732968296806,0.001811212955068827,0.0010195103620889788,0.0008869967246927814
file_188,0.000844130430727124,0.0017543672625586085,0.002185682169401653,0.0012712931666361378,0.0017812644762007657,0.0008204307207496274,0.0014369971396641374
file_189,0.0007796763724072388,0.0017908688734743095,0.001842582913097238,0.0014810486588653768,0.001925432479901206,0.001100111313250605,0.0014454284887457998
file_19,0.0015044527440688956,0.0019487509773021248,0.0017865998893833949,0.0016127097656839745,0.0018268635957044738,0.0015156311505229074,0.0017645141813453064
file_190,0.0006729642777361013,0.0014346932889282382,0.0014824151595567408,0.0010064947970890475,0.0013852312536788178,0.0007297895556418849,0.001076928239861468
file_191,0.0008869541359649924,0.0015596150866219107,0.0014943710792762737,0.0012366027791140856,0.0013859846692337544,0.0009438560427070477,0.001076767103684851
file_192,0.0010397272998957682,0.0013590168970584505,0.0014916328407292199,0.0006654410349406124,0.0013547148407545893,0.0010377958499061342,0.0011574150884186127
file_193,0.0012935046627433526,0.0011795474353386935,0.0013994273673287154,0.0015900464038895211,0.0015238410202118669,0.0012708005378644467,0.0012995752230250594
file_194,0.0009934936318407787,0.0014466648423376682,0.001579230885919266,0.0013861653792143745,0.0014232962752414278,0.0012958238137176286,0.0009316919047911795
file_195,0.0015553213078085418,0.00133116540692152,0.0005762461917850211,0.0013376674049742424,0.001855523383360263,0.0017878354019905775,0.0010519588418478416
file_196,0.0007420974170915417,0.0013686978812499475,0.0015060916088535498,0.0011573399732269008,0.0010327059165581391,0.00074937881034267,0.0010372571988279196
file_197,0.001690814455208639,0.002013952874146279,0.002248007761586007,0.002367212745132964,0.0019382837739893141,0.001511946989554662,0.0009327102524826261
file_198,0.0016862100531430725,0.0025730581306427918,0.001357542852398375,0.0010575265947929415,0.0018867124001308772,0.002022749519730044,0.0014509094681288584
file_199,0.001304273653752214,0.0010666588240485894,0.0022045031152656026,0.001829705721225801,0.0017728362078369762,0.0013121713569740233,0.0014760093848306698
file_2,0.0022026799540329368,0.0020100233675534027,0.002213428048272524,0.0027820934094657055,0.0033205802436423308,0.002585497780008285,0.0019439402507884455
file_20,0.0016968826353866802,0.0019394653631639516,0.0028014227555973274,0.0027856019282830945,0.0021998940128504243,0.0018913383692071833,0.0025451872656442453
file_200,0.0010598045897777296,0.0016645703353014333,0.0017747590622948285,0.0014353109690017313,0.0009307723297101447,0.0011038750258128794,0.0014837712174507933
file_201,0.0018821891617379612,0.002966202896407969,0.003046124059312588,0.0010099641370938642,0.0025075833793194876,0.0019146756412064174,0.002852180921334541
file_202,0.0017276340644774948,0.0024611790299760654,0.0009712661638961624,0.001585281681558231,0.0025208006880684916,0.0020542921040977925,0.0017598159109844691
file_203,0.0012328887899855227,0.0009861886616779852,0.0015933455108187889,0.0014889331613252693,0.0012603637754325884,0.001359259255385881,0.0015925275952763615
file_204,0.0016383719341650333,0.0021286230048975247,0.0023850108138584753,0.001939039247372936,0.0011626442311219562,0.0015925474476108582,0.0015967843588155554
file_205,0.001385186125682674,0.0015054082088764044,0.0021363006603791956,0.0016375166488951948,0.0009263685769077954,0.0011121650439395638,0.0015104385587675197
file_206,0.0018662519118913651,0.0020926503854925916,0.0024196192457597897,0.0021069967557748575,0.0009685981332201415,0.0019702167959185553,0.0021892412361538332
file_207,0.0008684474294640305,0.0011187323672879465,0.0013101634180701892,0.0011216110976847119,0.0013855082292374614,0.0008347026608802909,0.0010261181953230448
file_208,0.0012117841126448893,0.0013565944624059547,0.0015766496826045214,0.001071159792425702,0.0017079963943137102,0.0013564038982902514,0.0008433541552541996
file_209,0.0010565014759143386,0.0017403329503362418,0.0020975492438411623,0.001445444275264927,0.0019069020295890658,0.0007002350116493459,0.001370505364128029
file_21,0.0015650311310123905,0.0026090164214952797,0.0009120353584349647,0.001688254503683259,0.0025921753368956394,0.0014313993790654597,0.0015163593030006492
file_210,0.0007962717458136982,0.0014900879571734546,0.0014056529020101609,0.0012350538620108428,0.0015460881090381777,0.0006508907219643657,0.001199326858851443
file_211,0.0017678830356696966,0.0022046328664927415,0.002298719348336165,0.0016597353262870925,0.0025082371965567977,0.0016965939574358894,0.0010069895141220208
file_212,0.0014699775731743959,0.0021268933477960263,0.0007820774508476451,0.0011303602063890447,0.0019100421149693455,0.0014136191576990303,0.001555598548498832
file_213,0.0016053497111637464,0.002645410132273967,0.0016356026096778424,0.0018678818912150447,0.002737720722155889,0.0015329581664320973,0.0020898250339099114
file_214,0.001947406826328991,0.002275001437206348,0.0010741075089456405,0.0020632565122551986,0.0020063816699727073,0.0018914260308999314,0.00199726184997194
file_215,0.0007736327366401163,0.0015651377497523573,0.0018052098986178805,0.0014393010576195238,0.0016747732601597523,0.000935533605594484,0.0013405129225085193
file_216,0.0008747595707302808,0.0012262693932960545,0.001446778784724401,0.0006851305405134361,0.0014717002510419182,0.0006433948539335615,0.0007936753517628812
file_217,0.0010122689335920504,0.0007499880832040444,0.0013285936374610066,0.0012460045619452022,0.000986874793290362,0.001258151203939714,0.0013678061574269034
file_218,0.0007701951289324527,0.002202205708012571,0.0024079181048964463,0.0015810493765443846,0.0022906427495576072,0.000978164209700789,0.001695118086086021
file_219,0.0006741083201817206,0.0016885513430957152,0.0016660455393636684,0.0012910707658005094,0.0015239151519784507,0.0008731664335294694,0.001111170471676315
file_22,0.0016432744008130437,0.002917810449313181,0.0021836449030785627,0.002147030470612723,0.0031250103077463264,0.0018424081003597904,0.0009585313768244895
file_220,0.002179930309524003,0.0009848172899441648,0.002976568825577798,0.003236969449195573,0.0031994952704821585,0.0023387029525456017,0.0029241145054365284
file_221,0.0010575852644709612,0.0016926539148623405,0.0016982034773641713,0.0015743510197627397,0.0016102650945613447,0.0010286899944093766,0.001465368553750736
file_222,0.001410272008431418,0.0025380416813856875,0.001899763364266257,0.0010551233288997313,0.0022778678721060396,0.001597077229196794,0.001636273058954972
file_223,0.0020006196889249712,0.0011461017735934797,0.0014055834138636467,0.0016902669496243331,0.0012278702037251496,0.0014084340685208815,0.0010817640940981009
file_224,0.000910481478718891,0.001614207775864781,0.0017171137087177604,0.0014192822398821042,0.001660939727366829,0.0009240612265224735,0.0013053469262548506
file_225,0.0007704410885313808,0.001872657045479409,0.0018380062553888363,0.0015252593420802159,0.0017471328457389003,0.0007897445074748964,0.0014247846066065414
file_226,0.0010243588803906791,0.0016722959561845327,0.0021129150418218814,0.0016032638280395386,0.0015316113178485643,0.0010267224431205577,0.0016440677939315142
file_227,0.0010657066799708123,0.0017230663360415137,0.0016294894915525112,0.000933658903050648,0.0015295909232406289,0.0011706333395949528,0.0016715482406324403
file_228,0.0023426506346970752,0.0029431152341240384,0.002028350154869984,0.002425708787263648,0.003592363378820777,0.002579004382358917,0.002434554510136315
file_229,0.000959101987587286,0.0010848647819424837,0.0017497551470267252,0.001277442071801853,0.0010675562296385468,0.0012260142350256926,0.0012669151990515578
file_23,0.0009969231040985438,0.0015287733109048127,0.0012156701037952993,0.0013821806093280437,0.001571065211513477,0.001189080490903314,0.0013311988604669488
file_230,0.0010195476217466244,0.0018572133054182965,0.002119197318425965,0.0017375229283488123,0.0009683532301459438,0.001587098270067921,0.0015411356606910604
file_231,0.001605637273011329,0.0022280850205069107,0.001035363444212818,0.0017288848339695082,0.0021483174531176322,0.0013120504993232242,0.001670280231599173
file_232,0.0006841036380167427,0.0016519455878806998,0.0017632958383787974,0.001396777510599405,0.001469936391057739,0.0009869752845380123,0.0013723606572790907
file_233,0.0016677265277562456,0.0019983632332148163,0.002687457806252797,0.0015276893656161316,0.0020605408480337093,0.0016517856576232727,0.002158555096128296
file_234,0.0007911796130121243,0.0017729452609674089,0.0019085989791395935,0.0015405937596283813,0.001752274269774312,0.0009543038324956275,0.0014251910312127344
file_235,0.0007589170892191026,0.0015462113675718272,0.001703296712356551,0.001325545400664236,0.0016323315262740667,0.0008179240395657698,0.0012528238675921113
file_236,0.001536243308323297,0.0022465089327065105,0.0019383466611992304,0.0021237070000458525,0.002216649543377096,0.001723546499578468,0.0016833742905718297
file_237,0.0010548528385282499,0.0016691415173160527,0.0018748186865407278,0.0012022068809873193,0.0018419033767148876,0.0008407653262870173,0.0014591985877792353
file_238,0.001650094108610211,0.0024712352795648717,0.0014358717008607802,0.001992001659949994,0.002816311347604315,0.001538790095824425,0.0017141890108025267
file_239,0.001969477788587565,0.000653771525903773,0.002828541894977457,0.0032647763045499946,0.0027475363875662296,0.0018888836136277877,0.002369047124991137
file_24,0.0024262831640396404,0.0031755268087273227,0.0033629318067086023,0.0015081872709967372,0.0026007493047232886,0.0019201228016062254,0.0019285158431134118
file_240,0.0016698584774584883,0.002318416053488379,0.0026356296646251626,0.0015930534729659113,0.0021893768474797095,0.0017408622779789904,0.0019507477978360178
file_241,0.0012657923467044266,0.002165263129918647,0.00211184940521251,0.001921501955803544,0.0017756354628567607,0.0010651253216469648,0.001981987345338084
file_242,0.0012520369249691945,0.0006851268457877358,0.001409793666760961,0.001528575510176678,0.0014240080769690406,0.0014665452230174624,0.0011745421509817336
file_243,0.001084679058057998,0.0014432394761324772,0.001652047671462138,0.0010314034741414069,0.001334835968145229,0.0012554033603307192,0.00116643048070887
file_244,0.0013425335599912395,0.0011494638429968866,0.002188249773994428,0.001489401043231964,0.0017627128747744662,0.001436500305552033,0.0018909372641439039
file_245,0.0017025771147149954,0.001727648737489474,0.0019646490803683758,0.001954367874976889,0.00257019767472785,0.0020489428314196725,0.0017047384553389546
file_246,0.0014031762863007523,0.00249782894724835,0.002421724476687804,0.0017976439875312723,0.0024991364709280794,0.0012598415430229682,0.0011722055120017899
file_247,0.001442098242784066,0.0018471296545112714,0.002269192453148809,0.0019017468697765556,0.0012204691909602078,0.0016584896342560261,0.0014927902584950196
file_248,0.001848844577816155,0.0022039057310334178,0.002486774614122328,0.002067568773144184,0.0025110846614045464,0.0015582316907302059,0.0010276852776890566
file_249,0.001545396937327943,0.0015997312524239698,0.0020744560008167413,0.001898603640006446,0.0012451945867548435,0.0013173335530033737,0.001855726585511752
file_25,0.0015569485160105657,0.004071606273692685,0.004384070073860169,0.004417173233515881,0.005062303071764991,0.00043343634478742413,0.003034411094319886
file_26,0.0009481988327525986,0.0013588867954372477,0.00139872481384279,0.0011903158289428518,0.001404391969521416,0.0010305934380787076,0.0008869310302725456
file_27,0.001058469801788342,0.0019793713572818345,0.001853326372025346,0.0012292883230133518,0.0016353152545132725,0.0012103139024004178,0.0014328853622469983
file_28,0.0016179763510172525,0.0018570419167881324,0.0019362482939205645,0.0017621998087611439,0.0019776864685359156,0.0016788540521945545,0.0016198615245859851
file_29,0.0007615194910792662,0.0007569939628615295,0.0016874511088892593,0.0013388379466039433,0.00118716362848615,0.0012414130641559252,0.0013249813616678053
file_3,0.0016783109215698167,0.002583989944963696,0.0025425947576965696,0.0011690388697453283,0.0022590208675250948,0.0019976350269642965,0.0020418881308421743
file_30,0.0018497951709424674,0.002397883716612282,0.00224923954745642,0.0021506888971956494,0.0028562494742028666,0.001868407228039149,0.0009030371653573106
file_31,0.001761682907061177,0.0021990990047556277,0.002944672868437289,0.002883089509461852,0.0020163274687765246,0.0019951447957473442,0.0024937962018044954
file_32,0.0012127458349174864,0.0008384392834099295,0.0019721351422973994,0.0018339110284246185,0.0011174451981123869,0.0015106118677516473,0.0017195885298531893
file_33,0.0008368157509448565,0.002007078515920831,0.0015931983985901829,0.0020422765528479497,0.0020084278531003964,0.0015827930745797969,0.0015828916878919234
file_34,0.0007288748475112695,0.0023306807946995786,0.0027866998355885906,0.0020727322713150415,0.002035296522333937,0.0012951730734651035,0.0018909819470544474
file_35,0.0007592550737849343,0.001887613276181882,0.0016626228998732628,0.001706328293344991,0.0017158095793582764,0.0009884055184462334,0.001695103363044624
file_36,0.0015492634402257649,0.0019998364227737883,0.003622760076760133,0.0017094624508244673,0.0020473098642090144,0.001286996273489536,0.0013286040880109813
file_37,0.0010277815753551138,0.0015147939370727197,0.0007619775290441056,0.0018504806611860062,0.0019002654832344817,0.0010183332256562502,0.0016817190605480047
file_38,0.0006477996241799421,0.0016157864537349165,0.001973987298939319,0.0012417545238485033,0.0013922819958461037,0.0007729487205440461,0.0012202389390290557
file_39,0.000748199980383491,0.0020045487785562205,0.0021905661231233745,0.0016758318039131498,0.0016284380732316907,0.0010069129923138782,0.0015130268887382596
file_4,0.0013350184969293237,0.002155312771808541,0.0022213573308623737,0.0012567314785020885,0.0021270407082346903,0.001648975033936629,0.001705288833537373
file_40,0.0012865064985687334,0.001805363372920754,0.0019826059552563,0.0010592262773212807,0.0016250535440105061,0.0013582915328224534,0.0015565665403186946
file_41,0.0010382344816424508,0.001642862217572538,0.0012488080396172796,0.001455820207929092,0.0013974225803801347,0.0011146531423564226,0.000738531300202794
file_42,0.0010330133203901616,0.002390992015967032,0.002380684325819617,0.0019100102508807428,0.0032413789100243276,0.0003290918785202567,0.0016558646271561423
file_43,0.0019160446074340661,0.002068592950384157,0.0013023826915335372,0.0016922823024962772,0.0022134708728475676,0.0017208700464510555,0.001619281407981871
file_44,0.000836407423922737,0.00162567324949858,0.0014838846250138117,0.001361414412103171,0.0014683464178851613,0.000840788975722362,0.0014479790287033596
file_45,0.000893192975053799,0.00156832759629575,0.0013504417299267041,0.0012748333787370833,0.0014576673322586433,0.0010331327681465737,0.001123931546866383
file_46,0.0008687750202581908,0.0019233109071608654,0.0031006915471847234,0.0021293789977191377,0.0023689942811104085,0.0011639730530664887,0.0018705950607943414
file_47,0.0016788706216934086,0.0023285173039050326,0.001945844415610938,0.0028120177159606102,0.0024099347387010164,0.0017464474228890085,0.0015221256657299753
file_48,0.000646273532727643,0.0013791276471538582,0.0011233902593032047,0.0010844914081013942,0.0011486791788533812,0.0006989740398604577,0.0010395476869958552
file_49,0.0012789734441184062,0.0014679095719467535,0.0014855486046785726,0.0015861640383662621,0.0014945633726895133,0.0011069617003515674,0.0008777726550620889
file_5,0.0014764744830781866,0.0012765194682585205,0.0019147403186767365,0.0022864268940424744,0.0018302002047282486,0.0016874292699393903,0.0014826967295167165
file_50,0.0011197409879599518,0.0015379406214264752,0.0018465375796529915,0.0015033007928757416,0.0019214412486159003,0.0010633699517261534,0.0009997558282395082
file_51,0.0015134166155849466,0.0018606438041174642,0.0013076119152499995,0.0017489818124458505,0.0020055996455647916,0.0015193253719830767,0.0015994927445441723
file_52,0.0015805625208476217,0.002447749552137585,0.002127194642052124,0.0020902069142460862,0.001319499450315632,0.0013144281014339824,0.0015643458944286169
file_52,0.0023098167334134486,0.0036200964162502185,0.003435378390451844,0.004185491386113292,0.003569098478628924,0.002574257099202165,0.004119191384274671
file_53,0.0008142613760369277,0.0018820508125995973,0.002074935821426089,0.0015663618607731594,0.002010145198913896,0.0006506514546294643,0.0019577425973678563
file_54,0.0012155652154686154,0.0017689254472942851,0.002002619698110581,0.0015752588630743227,0.0009680473745608828,0.001201518146644388,0.0015592184928152327
file_55,0.0010027451093463412,0.0014915725334251504,0.0016406584329414086,0.0009629885555306818,0.0015433462013453646,0.0011420573194927072,0.0012427390075043403
file_56,0.0018689872967831706,0.0012980405339791492,0.002310424193728292,0.001823751820966267,0.0016187499486388479,0.0017820456733313032,0.001944526829966302
file_57,0.0018329819176667002,0.0021415165718267717,0.0020844575092441517,0.0021221209744639977,0.0022471939560762054,0.0015710850411171408,0.0016371414189737881
file_58,0.0009836121734293527,0.0022498085224014813,0.0024900055351200967,0.0018774221134579463,0.0021205085343612047,0.0013754416900530956,0.002096718959293347
file_59,0.000955946980692213,0.0023160143230297574,0.001933175668812936,0.001809228074970391,0.001872832427110094,0.001023123324682694,0.0019151901715998333
file_6,0.0012662654146851995,0.0010576397156185583,0.0014802053062758916,0.0015588514942399391,0.0014777367503115801,0.0012663398809879935,0.0012589271265873161
file_60,0.0007860269368831313,0.001472071914631195,0.0016459738911002294,0.001365872832355278,0.001505246033393717,0.0009359614041643792,0.0012285159035462818
file_61,0.0010811115921990683,0.001892726150253115,0.0018132256689964773,0.0015776597374428363,0.0019202625368199494,0.0010418002477177884,0.001574131329929099
file_62,0.0008455014196341388,0.0015320789463996204,0.0017708995764434139,0.000833828381275056,0.0009014945993324739,0.0008933886619539294,0.0010509483597787095
file_63,0.0015452365368476227,0.0023974679685074365,0.0025743581368425457,0.0010964404560229871,0.0023265986774656296,0.0018128664114019394,0.002170201072752131
file_64,0.0016278984819457353,0.002704719689004732,0.0018296868840764274,0.001736184932033215,0.0025066304925452803,0.0017430171069150674,0.0008411813621826474
file_65,0.001930563733294648,0.0025859407762826876,0.001282436603909209,0.0018933565086530334,0.0026402799906633024,0.001951745063878362,0.0022963946167987633
file_66,0.000946718903657966,0.0015338887084554455,0.0017790098688407246,0.0012445233881175832,0.001246695130716564,0.00096943635902643,0.00154230155835532
file_67,0.0008136074049682262,0.0016314111134481787,0.0023882943743825397,0.0015334635714782632,0.0017814577366061643,0.0006742209619668345,0.0015496809063351863
file_68,0.0014819641882859761,0.002038246691478147,0.001623053222718741,0.001990266055456758,0.0021656772098650827,0.001685927087018113,0.0017883053902009833
file_69,0.0016770791287667151,0.0024190399645448203,0.0025375953295902255,0.0009513680278952616,0.002309833115831885,0.0016689727915653123,0.0022202458487040368
file_7,0.0015820545226418472,0.0012832379673145154,0.002561337959634981,0.0017184549748639906,0.000858345559852094,0.0015869502240276165,0.001476227505535217
file_70,0.0009955993843809784,0.0008156670430316899,0.0015237253976710832,0.0010633810429157458,0.0010518565950050965,0.0008563538993269501,0.0011891893879081787
file_71,0.0009139658466113793,0.0007834932754780643,0.0021741408408786547,0.0014479682127663583,0.0007654571809623013,0.001258496425918007,0.00037998099854106475
file_72,0.0012029297496541184,0.002291726186035047,0.0011578221423644462,0.002199407651716205,0.002826946776229342,0.0016726586606124404,0.0019288571440729543
file_73,0.002330036364830359,0.0011750430766401948,0.0023133887298014055,0.0017866522645002148,0.0017400013919699347,0.002700774392865485,0.00253458951260194
file_74,0.0017374692696409866,0.002300823207643284,0.0012985098788745335,0.0019657516980600984,0.0026840858043604607,0.0013162511506062586,0.001922048125014939
file_75,0.001234464710916125,0.0011965706147326887,0.002109749862011436,0.0012461201392333148,0.001577933009125875,0.0013087109022123814,0.0013223191449135481
file_76,0.0022809703148495564,0.004059242249613651,0.003453022010504889,0.0030083201369447013,0.003932336788843023,0.002059256978609213,0.0030047773843093844
file_77,0.0010845578983393158,0.0009986078898139347,0.001299019758820613,0.0013117294443653362,0.0012103913593702166,0.0009020911527562963,0.0011851996947535924
file_78,0.0017827993137942192,0.002150311218899219,0.002704186756293278,0.0026560901560249836,0.0017303661109128237,0.0021039935295431847,0.0020208760442932084
file_79,0.001551887873325433,0.0014849119351345549,0.0027154790102196353,0.0018521317550921873,0.0023833192008084862,0.0012019734588533395,0.0012221610211437751
file_8,0.0010192650515586188,0.0011439420044956213,0.0015068855372441766,0.0014374135210956582,0.001399044784919661,0.0011489189310431892,0.0011220977279892486
file_80,0.0015170074619709512,0.00206604892539801,0.0012795326882666744,0.0017785176211754412,0.002054081908064399,0.001691389236545525,0.0015754899174761606
file_81,0.001286069598408062,0.0017116991721727302,0.001550051672922034,0.001863164252580516,0.001789270539471661,0.0014459812544608264,0.0007565505000007315
file_82,0.0019621247468183897,0.0030027713011759227,0.0013439589818071969,0.002849038374604216,0.003001953086884281,0.002203722897144748,0.002001448839724465
file_83,0.001148769683666332,0.001436173597827811,0.001091371812849647,0.0012491287812267638,0.001634075615572652,0.001035311617332821,0.0010984960160126934
file_84,0.0015544588848568758,0.002483822820276954,0.0010229619768901373,0.001603664319063307,0.0019627820657825007,0.0015803040566680377,0.001166251656037948
file_85,0.0015344032870379125,0.0016918208288737111,0.0012684975677196562,0.0019111861983778491,0.0017073267731285244,0.001601790153581273,0.0013268323247891105
file_86,0.0018742731316160233,0.0027138547793091107,0.0012501712566616696,0.0012353074615920345,0.002690945003330983,0.0020190637868312523,0.0016879220782034408
file_87,0.0015047807245385022,0.0019661907897624256,0.001843530265871227,0.0017470810836073762,0.0021753911698481608,0.0013731127903017658,0.0015473352796759954
file_88,0.0007308086270735652,0.0016142533048566102,0.0016257805842117795,0.0013679561838716731,0.001582283395181121,0.0008561540321362573,0.0013387985396276394
file_89,0.0014030642482551912,0.0019881978740787314,0.001814131159863554,0.0017539003535809918,0.0018860091953997332,0.0015276950230165417,0.001660866509733422
file_9,0.001371911758316181,0.0019883887343777,0.0022668419998968115,0.0015402039173796158,0.0022547949727619015,0.0012805640379508411,0.0016115362475429434
file_90,0.0011199962588179164,0.0014074282348198969,0.0018805884671772737,0.0012331439605946044,0.0007130691531657598,0.001094913787160324,0.001234873313508503
file_91,0.0018858059811015305,0.00188743593016573,0.0019378291971992546,0.001559045436243728,0.002774565943051681,0.001605602767550319,0.0012787554059223178
file_92,0.0008164378659575169,0.0018553138297674537,0.00195358402976108,0.001762058705671919,0.00165816250263732,0.001141469958729873,0.0015410324137804675
file_93,0.0008997539449364443,0.0014139594234093384,0.0009177253547585722,0.0008794293438723825,0.0014100799559093162,0.0007917340537566275,0.0007864853545247243
file_94,0.0014253777504126053,0.002071802504175254,0.002247075159045523,0.0018476074910831505,0.0008877883026499082,0.0013779883177549687,0.0017516957418720238
file_95,0.0007159822093729198,0.0011358626783601151,0.001802911000680322,0.001019419187846997,0.001397105863214466,0.000950642540900539,0.001612136832346315
file_96,0.0013818414580377407,0.0018838903050240883,0.0022983940533541224,0.0010558975389323448,0.002093429057465333,0.0014364591724959506,0.0017640477297402608
file_97,0.0016702055717220058,0.00248672730823259,0.002279057558614194,0.0028004523307435312,0.0007636273693460973,0.0022533409895284704,0.0025922843970311157
file_98,0.0006909654677895886,0.0014995349915704623,0.002038040628856998,0.0009384476679512068,0.0010769340689739885,0.000906726504236494,0.0011351098707722265
file_99,0.002133456393482185,0.0021606824124281716,0.0011424073026448712,0.0026434306221630416,0.0026413576929608423,0.0022301621095475155,0.0020192944652817034
